"","ts_seasadj_A","ts_seasadj_B","ts_seasadj_C"
"1",0.00424663131978858,-0.141724197313869,0.136311171597762
"2",0.00418265533955335,-0.140298711104402,0.13640449277895
"3",0.00351398875465444,-0.139505596712116,0.136812198839428
"4",0.00389040885226575,-0.139779432996992,0.13714720695368
"5",0.00521090793177789,-0.141374717893622,0.13687078757367
"6",0.00396069524433884,-0.142178274111926,0.137337877669768
"7",0.0092534543545055,-0.145949536929355,0.136737959270791
"8",0.00907342310849496,-0.146428328852611,0.136424092698606
"9",0.00348525806364767,-0.142846786004249,0.135560458527798
"10",0.00468813536869842,-0.142826560643039,0.135608799152172
"11",0.00447426678307901,-0.142336948675752,0.134968330628376
"12",0.00562863864637765,-0.143027822556848,0.134865431667531
"13",0.0062019484860529,-0.142892719268483,0.13399241391902
"14",0.0036026945377754,-0.141991936650377,0.13446255384592
"15",0.00261590746548509,-0.140289209590401,0.134902270594961
"16",0.00206741976568463,-0.138299911815633,0.135607547693583
"17",0.00130628969804435,-0.140540251233724,0.134609425973647
"18",0.00223721075469872,-0.139821701039047,0.135296341527046
"19",0.00285797222422956,-0.139233326601219,0.136347654595026
"20",0.00228131726147863,-0.138333753861963,0.137150129522416
"21",0.00345499537601189,-0.138528250563856,0.137022826487571
"22",0.00410013739266,-0.139518891085591,0.137106983858046
"23",0.004883142315194,-0.139206233444518,0.137270133128566
"24",0.00549335958328056,-0.140490957147402,0.136680272035068
"25",0.00548634241362722,-0.140343277952679,0.137392723656696
"26",0.00701358128895669,-0.141067269448177,0.137041535518329
"27",0.00542027865555299,-0.140105818672585,0.136690593119762
"28",0.00662681256903572,-0.138402548178569,0.138168540314374
"29",0.00515038493996057,-0.13923662108053,0.137029492929747
"30",0.0108917498648476,-0.143387416256602,0.137037354053993
"31",0.00767434919951575,-0.141393444822245,0.136992968130584
"32",0.0092555053984376,-0.14218279740258,0.137207089948059
"33",0.00384330994734152,-0.138303491982154,0.136973158938757
"34",0.00717467347816831,-0.140074002210315,0.137377234079077
"35",0.00635242416146028,-0.139317490692095,0.137544829121429
"36",0.00657970060218402,-0.140174014120662,0.137108581925135
"37",0.00643760725706676,-0.140388348151788,0.137299431684494
"38",0.00675437432138222,-0.140021299119002,0.137452998460785
"39",0.00822737576520928,-0.141002379101421,0.137458044459601
"40",0.00593648561261046,-0.139945586404412,0.136936470607296
"41",0.00567494517171982,-0.140053701517656,0.136934672136373
"42",0.00553245688654455,-0.140665969302719,0.13761790189099
"43",0.00473211815550748,-0.138888313161478,0.137229211095729
"44",0.00367942496784123,-0.139424140441706,0.136339762072908
"45",0.00331864822397225,-0.139515816269703,0.136397308564644
"46",0.00438499985365307,-0.139260947547946,0.136645788278689
"47",0.00433946662079309,-0.140928027477547,0.136021470614411
"48",0.00520089265956368,-0.140927017114395,0.13700300865503
"49",0.0112808687831528,-0.146078196901809,0.135759065096173
"50",0.0112925993501919,-0.146560668207086,0.13580909460591
"51",0.00569546384248232,-0.142365059393845,0.135324447151726
"52",0.00549093471856229,-0.143021499014128,0.134931281616439
"53",0.00373707872005808,-0.142161324419139,0.134918467094591
"54",0.00298051190596979,-0.1416040743665,0.135136247470299
"55",0.00382097364828735,-0.141013378557175,0.135864622377592
"56",0.00378653329953656,-0.143513611353282,0.134435127310968
"57",0.00285165099496388,-0.140567710492313,0.135710912538886
"58",0.0011697187036068,-0.140961393313466,0.134560807464784
"59",0.00149077815700671,-0.14002949980507,0.135177087112043
"60",0.00298189675734078,-0.141347132647798,0.135205272295887
"61",0.00361750505579203,-0.142049126275466,0.135590676768554
"62",0.00267036502312054,-0.142636749101769,0.134643432828376
"63",0.0015098344405971,-0.14123114608123,0.134886007826618
"64",0.0020498896399605,-0.140615748113198,0.135537834738852
"65",0.00350845748130523,-0.141507598647689,0.135901376708801
"66",-2.94830838833975e-05,-0.140823313824621,0.134695543798492
"67",-0.00058096068910784,-0.140706477026972,0.134377533136878
"68",0.00655445701762451,-0.144969293369142,0.135340122090836
"69",0.00772770085480127,-0.14550262218655,0.135142564692794
"70",0.00579369356952948,-0.145017887117952,0.134394783497701
"71",-0.000450959719519363,-0.140419433241342,0.13443946894786
"72",9.18847538178228e-05,-0.140186267242233,0.13516678063541
"73",0.000599953302724444,-0.140795605951007,0.134958659702287
"74",0.0014862623373538,-0.14204593840912,0.134863613114896
"75",0.00163572587468816,-0.142118933906971,0.13477098938582
"76",0.00256172562529436,-0.141474212300836,0.135353449079696
"77",0.00182352531711627,-0.141647537541539,0.135458903111586
"78",0.000265551402630682,-0.139924907007614,0.135266139730664
"79",-0.00103998478436086,-0.139134834041353,0.135690254321628
"80",-0.00304872681957485,-0.140090646893812,0.134022560714549
"81",0.000179131836370328,-0.141605210744019,0.134500644399256
"82",5.90651406487744e-05,-0.141239649467848,0.134743552235404
"83",0.000612816423661094,-0.140668523210944,0.135913704867518
"84",-0.00133890064947642,-0.140815450389205,0.134511395377429
"85",-0.000680785681764899,-0.140165666830343,0.135064367256894
"86",-0.0015348488068152,-0.139876747651531,0.134488731179106
"87",0.000598238750993253,-0.140896736512379,0.135260341130982
"88",0.000409361620021029,-0.140407354671675,0.135728505651512
"89",0.000709622754200422,-0.141687359033947,0.135119719471923
"90",-0.000161588675881956,-0.139851579742598,0.13569258703468
"91",0.00367085932499605,-0.143384344923473,0.135124415020455
"92",0.00369815154523426,-0.142358163702833,0.13619463424591
"93",-0.000860692338339636,-0.13889033933806,0.136900475042405
"94",0.00021801549038941,-0.1401208738419,0.136408234347631
"95",-0.000321222398533159,-0.140818462657336,0.136348048186587
"96",-0.00184805630282115,-0.14044011368757,0.135752223115188
"97",-4.217215600781e-05,-0.139428092614532,0.135841321132338
"98",-0.000833923370611203,-0.139449495127754,0.135820243188967
"99",-0.001879406206664,-0.138411546579039,0.135350322807628
"100",-0.00169028647796129,-0.138674360029712,0.135032535012358
"101",-3.7323835234351e-05,-0.139078940809524,0.134677541559125
"102",-0.00011475975712095,-0.138812310181316,0.134841374217378
"103",-0.00168476571012655,-0.138094712961577,0.135792331590135
"104",-0.00254966707893296,-0.138331804936586,0.135320517213336
"105",-0.00125876567259246,-0.137586834956513,0.135457098460533
"106",-0.000817498919107252,-0.139203687081413,0.134789218988702
"107",-0.000726826115601265,-0.139102842781893,0.134363359399058
"108",-0.00128896938637207,-0.138820426059659,0.134309751579009
"109",-0.000773936871933835,-0.139264207309186,0.134819731224538
"110",6.81426382901024e-06,-0.139850737384954,0.135016400173938
"111",0.00401739332640012,-0.142931601362315,0.134589034464252
"112",0.0042198031828747,-0.14217997746661,0.13501151406307
"113",-0.00128335798405531,-0.138223531054295,0.13574362649498
"114",-0.00132128827627426,-0.139278248731937,0.135050203495394
"115",-0.000102651334953458,-0.139177090586834,0.135344741523601
"116",-0.000743111570802455,-0.139274171802988,0.134889423216171
"117",0.000283052712493531,-0.139128960698152,0.135589046141926
"118",0.000990236342276779,-0.140096799412667,0.1350380463597
"119",0.000944125568173077,-0.139795317679524,0.134833765603959
"120",0.000264298114750688,-0.139829658225038,0.134994825263464
"121",0.00125892035874513,-0.140165239676725,0.135070945435439
"122",0.000726790431977821,-0.139947025218563,0.135016421139896
"123",2.34256437691479e-05,-0.138894235322939,0.135084995938163
"124",-6.50663190070663e-05,-0.140035022870359,0.134375021723611
"125",-0.000863475310597954,-0.140998974258778,0.13386189342907
"126",-0.00100750028009525,-0.13951671865223,0.134811585082489
"127",0.00336528099690726,-0.143042681598379,0.135004878934569
"128",0.00362563143814838,-0.143671460934819,0.135262475864926
"129",0.00426687395074348,-0.144576251949256,0.134793696023703
"130",-0.000112237949107151,-0.14224544600393,0.134892652645825
"131",-0.000454835009940772,-0.141960940185675,0.134330721053143
"132",-0.00177744010085918,-0.142636184402211,0.134227343275712
"133",-0.00259763046100208,-0.143260408682632,0.133618680222903
"134",-0.00200499760215049,-0.142663799122888,0.133652600362332
"135",-0.000889233478102514,-0.142917861071889,0.134632133933947
"136",-0.00188010248852326,-0.142540221415181,0.134321195053849
"137",-0.00214799745976923,-0.142041258123639,0.134391038098628
"138",-3.17206386431985e-05,-0.141833367963978,0.135192432680911
"139",-0.00238375531271271,-0.141381851395056,0.134600921955948
"140",-0.00316461537709702,-0.141703089951559,0.133915344250315
"141",-0.00212703383349558,-0.141653923762026,0.134129132726806
"142",0.00488628046360636,-0.146326186785545,0.134993877740134
"143",0.00552207039114646,-0.14697390520199,0.135084513712173
"144",0.00550431380804024,-0.146224225823174,0.135142375940182
"145",-0.00092428160713514,-0.141945201272448,0.134159428357317
"146",-0.000884450704111084,-0.14142723576616,0.134569528087436
"147",0.000261600204263707,-0.14046303872542,0.135390865352403
"148",-0.00111058288418399,-0.141220254630342,0.134981576472318
"149",-0.00101755486703316,-0.139352295960855,0.13539483297112
"150",-0.00128213405903349,-0.139392037282248,0.135875840042359
"151",-0.00135022881354289,-0.139904379187507,0.134976326178524
"152",-0.00058213842754025,-0.139521880671199,0.135935154551225
"153",0.000626689921009781,-0.14120966081595,0.135389818068054
"154",-0.000378749275740832,-0.141012020876701,0.134754777061452
"155",-0.00183980001665196,-0.139412183108884,0.134806290888837
"156",0.000556898503565068,-0.139951298453135,0.1354368544849
"157",0.00166801426521231,-0.140764989860253,0.135598784491555
"158",0.00177237470194202,-0.140556764475627,0.135295925632636
"159",0.00620785574374335,-0.144869594025153,0.134859973855734
"160",0.00757007361145021,-0.144414897311073,0.135709831631623
"161",0.000491459326686027,-0.140704072892007,0.134505946386757
"162",0.00035890376019275,-0.138871725567804,0.135177784633268
"163",0.000519875429382325,-0.139514403196856,0.134990951446908
"164",-0.000730218261969249,-0.139566019399179,0.134269581579664
"165",0.00104425517663312,-0.139715004270534,0.135123336561369
"166",0.000486740056086623,-0.138856507092302,0.135141996234206
"167",0.000375682209783694,-0.139499504884513,0.135464188589012
"168",0.000168411998578072,-0.139300478050504,0.135468302700813
"169",0.00182233610696844,-0.140068118638927,0.135246985027717
"170",0.00232661012591337,-0.140595629877502,0.135339723484116
"171",0.00290632580938914,-0.140651456468848,0.13583312130007
"172",0.00191502492935471,-0.140816998249022,0.135463568900635
"173",0.00366880073763021,-0.140502101960344,0.135947425548895
"174",0.0016451703900284,-0.139355460440043,0.135401182130825
"175",0.00711886809102932,-0.142435506019289,0.135937435154228
"176",0.00688141035187063,-0.142173270124895,0.135803541289333
"177",0.0036375075875166,-0.139310871815206,0.135880951804212
"178",0.00398887457789369,-0.13900094752163,0.136186120474106
"179",0.00365435430665773,-0.140116924793178,0.135486821440626
"180",0.00307760902214321,-0.139258250077098,0.135975316850221
"181",0.00175350300856075,-0.139199741919147,0.135541770551666
"182",0.00236293942817053,-0.139763211396516,0.135540258193653
"183",0.00448075834828657,-0.141297909988123,0.135202282237785
"184",0.00490166291974486,-0.140420374049633,0.135653158188314
"185",0.00426360682500047,-0.141724352093181,0.135026270404369
"186",0.00315697788260509,-0.140225742968862,0.134878549164015
"187",0.00128469761677188,-0.138898553916466,0.135265141123327
"188",0.000326917197104063,-0.138903299468218,0.134679150863353
"189",0.00264854392422709,-0.139886829443218,0.134250950913542
"190",0.00393522517744738,-0.141472413648257,0.133998763055799
"191",0.00396880937721777,-0.14204745423991,0.133688893682259
"192",0.00948304114616254,-0.14638379624251,0.134007620004055
"193",0.0101158506181921,-0.146666916223249,0.133363662042336
"194",0.00362010214443612,-0.142002677633511,0.131925848680801
"195",0.00353161584729517,-0.140417264254128,0.13196067948631
"196",0.00312691267507856,-0.140139739615927,0.130543865815924
"197",0.00418789286850103,-0.140739351881716,0.129406102165862
"198",0.00502305563193834,-0.138865155544676,0.129802617771412
"199",0.00277278541270058,-0.138111080264643,0.129458696535271
"200",0.00272218985770319,-0.13901666491661,0.129888895576008
"201",0.00287668864330209,-0.139742878112772,0.130815263957567
"202",0.00271089851509345,-0.139699126256891,0.132102024005018
"203",0.00309261994529108,-0.139263194327294,0.133340535442713
"204",0.00125629115068019,-0.139364371748637,0.133011936305189
"205",0.00119435693227219,-0.139503861239811,0.133539374874761
"206",0.00167174205341973,-0.139531636863009,0.133662568559303
"207",0.00141088067754076,-0.138921660241706,0.134757926555811
"208",0.00603164254157211,-0.142674344366089,0.133959629339649
"209",0.00807519871745874,-0.142732016210475,0.134567467198197
"210",0.00807995358576642,-0.143410889808762,0.13469438213022
"211",0.000482511068213717,-0.13999918967895,0.133661746468774
"212",0.00135478812668265,-0.138548473725621,0.133897712453259
"213",0.0011448096350729,-0.1392936175278,0.133711563884426
"214",0.00242946931312455,-0.13999878203629,0.134034564854193
"215",0.00162658410683331,-0.140501836564357,0.13356811467253
"216",0.00186342421909572,-0.14042968230146,0.133851601126612
"217",0.00172541982608896,-0.139912474516062,0.133570525551855
"218",0.000453198977041119,-0.140483225093422,0.134014515692856
"219",-0.00133111102523147,-0.139529116138426,0.134126407551374
"220",-0.0030612082494551,-0.140585703730081,0.134123055545211
"221",0.00278806082628544,-0.145078321947221,0.134697239073428
"222",1.9630422676613e-05,-0.147187369822911,0.133731109627717
"223",-0.00210111029610041,-0.145195448831121,0.133470613899827
"224",-0.00780957509360757,-0.141113421999059,0.133170877676208
"225",-0.00611994066554872,-0.14164702914898,0.1332608568155
"226",-0.00362398551011457,-0.143377292606414,0.132546084397184
"227",-0.00198784634092836,-0.142967119556298,0.133444491907218
"228",-0.00233452900745805,-0.142596430235235,0.133006919784341
"229",-0.00101101898783313,-0.142702577022822,0.133409082160959
"230",-0.000277711727763843,-0.14169610469046,0.134287758314824
"231",-0.000458704529270793,-0.140976500461054,0.134039052581178
"232",-0.0023668163814798,-0.141052762863064,0.133798260130662
"233",-0.00174111692389527,-0.140324235711965,0.134185263858464
"234",-0.000280779468872377,-0.139423935347286,0.134608988152828
"235",0.00474436579943769,-0.14363612994032,0.134594096834012
"236",0.0048231128842976,-0.142906653701912,0.135210371147175
"237",0.00498675610498534,-0.142711421330832,0.135569561788296
"238",-0.000766937524020591,-0.137851523562349,0.134801579145948
"239",-0.000249505983915294,-0.139434043477113,0.134614087461308
"240",0.00110703878929695,-0.139671417670811,0.13495836414829
"241",0.000379928395327645,-0.137964389030899,0.135365557119976
"242",0.000623356427806367,-0.138961637502361,0.135144561537466
"243",0.00134667671869577,-0.139959328209938,0.135004564485428
"244",0.00126449716670516,-0.139651703891948,0.135201931092984
"245",0.000570931703210779,-0.138989201252859,0.136018377300176
"246",-0.00021457211031911,-0.139317469613844,0.134831931799442
"247",0.000324429628880185,-0.139397528413651,0.13525521504461
"248",0.00177350590417372,-0.138277862442608,0.136285132565096
"249",0.00756468670394143,-0.143673175386895,0.135571811176356
"250",0.00689720070691395,-0.142186015563683,0.136203225389244
"251",0.00775001801452443,-0.142533238718974,0.136933933255119
"252",0.00154471617191791,-0.139282928678021,0.135815795716643
"253",0.002154819880773,-0.139558487880482,0.135253525048447
"254",0.00276258759495783,-0.140227462268315,0.135548348086116
"255",0.00152269356054634,-0.138766929863779,0.135728901440272
"256",0.00164657888814473,-0.139251399670025,0.135135783082506
"257",0.00179099231397599,-0.139447423400391,0.135805259705714
"258",0.00145175906149759,-0.137452520479605,0.136413790793077
"259",0.00157366934301596,-0.137253404276967,0.136377762302868
"260",0.0016301784917448,-0.138501224356582,0.135877675254802
"261",0.00190552163898326,-0.140535572092101,0.1352064632558
"262",0.00879396155790566,-0.143506325404099,0.135949283233625
"263",0.00942205661499417,-0.142996342578925,0.136058815768433
"264",0.00903906560855101,-0.143713590733519,0.135508377321197
"265",0.00351652897050548,-0.139138704283757,0.135850644972181
"266",0.0043999277239953,-0.139948147967181,0.13595858399957
"267",0.00395223909504123,-0.139906524082352,0.135297189419804
"268",0.00429609404152102,-0.139821661239314,0.135182931913884
"269",0.00420266682298241,-0.139680173255845,0.135063771334868
"270",0.00273987572828908,-0.139479951921389,0.135274177091177
"271",0.00178205021039283,-0.137922081392368,0.135629179306201
"272",0.00106215530505049,-0.137434587951426,0.135616358605235
"273",0.00415017909453118,-0.140245139668879,0.135631772671241
"274",0.00448473882767297,-0.14045824389087,0.13583706632573
"275",0.00458482783826035,-0.140827005365881,0.135307589860125
"276",0.0109829515947664,-0.144560690323811,0.135742153649402
"277",0.010146331056799,-0.144864841905071,0.135773704786989
"278",0.00989878322014403,-0.144642450196963,0.135230640228509
"279",0.0040291665375338,-0.140797433127797,0.13517721590416
"280",0.00428843659323819,-0.140684888304106,0.135011144030443
"281",0.00542859855209979,-0.140835987706222,0.135561659954088
"282",0.00417868679858612,-0.14026128729492,0.135342537946317
"283",0.00158929535212724,-0.139439580544477,0.134940277581422
"284",0.00159583935746658,-0.138743966032349,0.135093283326409
"285",0.0030538489615721,-0.139439763892404,0.135419374411416
"286",0.004252933797728,-0.141267936825307,0.135738256208253
"287",0.00431693850434948,-0.140765426519064,0.135569942185687
"288",0.00380417618763778,-0.139504102380997,0.136681578545886
"289",0.00326881178871201,-0.140559763799114,0.1361140989807
"290",0.00310379026618387,-0.139705517182402,0.136984265515721
"291",0.00726887712785932,-0.143792479359782,0.136957349157316
"292",0.00697877882635512,-0.143791505235167,0.137629681437757
"293",0.00230979066314386,-0.141816052932622,0.137766550533028
"294",0.0040910917773854,-0.143682409734447,0.138508910788326
"295",-0.000303847381599016,-0.141925618768683,0.137565109613415
"296",0.000105976273709345,-0.141382387826775,0.13822216931998
"297",0.000102018855234113,-0.142628855182347,0.136591761715154
"298",0.000969722168224377,-0.143115325580259,0.136120060682893
"299",0.00188371727437706,-0.143446440559009,0.136147971936602
"300",0.00190616096813856,-0.143632325748557,0.135425499444629
"301",0.0030381647384844,-0.142371675392714,0.136404477116031
"302",0.00267550059870744,-0.142592911389029,0.13606612223518
"303",0.000222624017845813,-0.142358205465907,0.134816588244928
"304",-0.000508314546486247,-0.140927829654305,0.135618584657266
"305",-0.000516729530051946,-0.1412300316167,0.135756031977262
"306",0.00658649951307462,-0.144940261863413,0.13552562545386
"307",0.00790136484885891,-0.1438400499281,0.136588808386446
"308",0.00480646138191396,-0.145302685096084,0.135531717036862
"309",0.000188288727307338,-0.142080585048885,0.135917792353957
"310",0.00212287319301284,-0.143270992353797,0.135513731324736
"311",0.00234127441431523,-0.142647098448314,0.136312324340908
"312",0.00328063345490824,-0.143100680032895,0.136497502710236
"313",0.0032781806910637,-0.142480932704499,0.136133194138259
"314",0.00359645806486512,-0.142067447481175,0.136691671940531
"315",0.00235649751560534,-0.141768101646293,0.136445877175054
"316",0.00208185137233185,-0.142042642839556,0.135520540305088
"317",0.00244231179453493,-0.141063829369747,0.136136094986787
"318",0.00198010450331222,-0.140152659640369,0.135702921407678
"319",0.00588413115233132,-0.142745101812712,0.136054637355046
"320",0.00758121105215436,-0.142615051810045,0.13694076296062
"321",0.00780295815568783,-0.144159423480255,0.136223767205549
"322",0.0042545824038852,-0.140906478171532,0.136724121454094
"323",0.00411498162122722,-0.141728860481094,0.136257840371539
"324",0.00504110997910911,-0.140673139640846,0.137044178336625
"325",0.0049984339660595,-0.141679370425708,0.136488497214661
"326",0.00497126437169267,-0.14221680962742,0.136261633404362
"327",0.00485053665626904,-0.142103651572764,0.136779644406324
"328",0.00478441419755811,-0.140240133838653,0.136210256219014
"329",0.00417564873858163,-0.140470934947919,0.136181062113426
"330",0.00379857707103816,-0.141740646412659,0.135258510842316
"331",0.00356028897394445,-0.139785036080595,0.136703620479765
"332",0.00351109196997756,-0.139900522076418,0.136440581796966
"333",0.00827926200407214,-0.143811651155877,0.135647149672092
"334",0.00996771952633249,-0.14621061254565,0.135921117159607
"335",0.00503130136989524,-0.1409825669827,0.136015480931302
"336",0.00615946454371942,-0.140501217436772,0.136293387904898
"337",0.00625075622279121,-0.139771164685223,0.136669129276922
"338",0.00567339794361366,-0.140433411396719,0.135842259137847
"339",0.00634791752158296,-0.139869981165163,0.13629322581396
"340",0.00615987461647217,-0.140816710728116,0.136057519409069
"341",0.00506879017853573,-0.139685530244825,0.136114657237904
"342",0.00503619252348924,-0.139096135597449,0.13605490764585
"343",0.0048734292011883,-0.138401762223435,0.136191176689398
"344",0.00330393805180853,-0.139413324361118,0.135415342038652
"345",0.00451909917555393,-0.139544627273314,0.135556816370302
"346",0.0100343348585721,-0.142990395759228,0.136077089442533
"347",0.00908607339776884,-0.144460356599133,0.134944891139077
"348",0.0106867662413862,-0.144743634995022,0.135599401090293
"349",0.00574906428500532,-0.140292552424979,0.136183317948006
"350",0.00577051321718318,-0.139710775729501,0.136644082471563
"351",0.00348571657427714,-0.139073381319551,0.135508350046715
"352",0.00271817548209811,-0.13923649283085,0.135263548716058
"353",0.00356997561786938,-0.139855954099146,0.135641368149374
"354",0.0019457417818081,-0.138648683208497,0.135652750390551
"355",0.00190857519689431,-0.138982714020378,0.136105522873052
"356",0.00236882948226253,-0.139066803351745,0.13576501051335
"357",0.00336231724372108,-0.139856232155585,0.135801420227704
"358",0.00184873731461932,-0.139025531283865,0.135622599036289
"359",0.0085783090912705,-0.144085408768724,0.135419888187151
"360",0.00941302350636632,-0.142765739061586,0.136263690148815
"361",0.00974477812527459,-0.144542990231875,0.135179279940998
"362",0.00452592598068178,-0.1399311190788,0.136039453350173
"363",0.00435272498094863,-0.140256914861011,0.135738629556524
"364",0.00377898402644865,-0.13986216464737,0.135944571031888
"365",0.00429409764389843,-0.139900067502411,0.136180731311875
"366",0.00237455794555421,-0.139473093509245,0.135816093842844
"367",0.00122128059702099,-0.138082802807225,0.135400225176185
"368",0.00116983049728146,-0.137737738944623,0.135996523701262
"369",0.00412718962154736,-0.140708128693252,0.135669939180303
"370",0.00309800612034432,-0.140736954341183,0.135287581150114
"371",0.00443972247643697,-0.139602728753216,0.1359082319003
"372",0.00362803288394202,-0.138963413492041,0.135840654216314
"373",0.0112479733307271,-0.143304064664994,0.136526613078131
"374",0.00969323264025593,-0.143558068849345,0.135829676977035
"375",0.00515707770417383,-0.1393633162315,0.136522304484604
"376",0.00500448187119433,-0.140100347537704,0.135947625183752
"377",0.00472324232466313,-0.140175294148938,0.135941667321846
"378",0.00393409944096804,-0.139708056187037,0.136397133553311
"379",0.00212128757168113,-0.138672321879321,0.136411078099157
"380",0.00163596558854655,-0.137597573141229,0.135808864944988
"381",0.00247177781047281,-0.139598925980004,0.135836380858486
"382",0.00545208651169016,-0.14046237090234,0.135649131795946
"383",0.00641685942391899,-0.140184839669445,0.135662444057753
"384",0.00462535616342415,-0.140360939228174,0.134690861934043
"385",0.00480371518385291,-0.139923483789855,0.135564939373001
"386",0.0105566932338329,-0.143984878229895,0.135578143825377
"387",0.0089288568689298,-0.142918564805551,0.136114096092696
"388",0.00916858479412943,-0.14321399883675,0.136480124091013
"389",0.00403816391322237,-0.139835927443404,0.136858352324719
"390",0.00307205568338694,-0.140320343340604,0.135024172770811
"391",0.00395345339050073,-0.138047032514036,0.135817490430862
"392",0.00276075144693481,-0.137810338038137,0.134881234262036
"393",0.00422627272579919,-0.137706126853176,0.135845270442016
"394",0.00562804909938051,-0.138907301356779,0.135520635929283
"395",0.00480301317394661,-0.138491255216142,0.135845676812972
"396",0.00476941006562202,-0.138744660784442,0.136577910574153
"397",0.00436800120498132,-0.139059413297011,0.136310823887315
"398",0.00433733094726266,-0.14015136656826,0.136129183790334
"399",0.00960495304459003,-0.14253899554965,0.136887746212841
"400",0.00840489147363573,-0.143131264378453,0.1360163954337
"401",0.00885978206457599,-0.143470910226863,0.136060492884027
"402",0.00349520647560725,-0.1384526266673,0.136360133589893
"403",0.00369748970966397,-0.138889086346393,0.136667920126423
"404",0.00265057116725431,-0.139069128721629,0.136395024868217
"405",0.00412122714687406,-0.138818600653435,0.135452641434787
"406",0.00415486856583292,-0.13993616686296,0.135218773866381
"407",0.00541493028133846,-0.139778796905554,0.136603054352236
"408",0.00531806462676259,-0.13981786891645,0.136245247054546
"409",0.00492456591911023,-0.140250505595063,0.135920668582861
"410",0.00521168291281199,-0.140004564061486,0.136200115927844
"411",0.010940517995094,-0.145353983061167,0.135726432213776
"412",0.0122056915742261,-0.144057928826945,0.136798877367339
"413",0.0103466893952939,-0.137093257593297,0.139358445862398
"414",0.00904996454960916,-0.136408372638528,0.13906916617121
"415",0.00537521362403133,-0.135189055376774,0.138294347636066
"416",0.00511011673231215,-0.136007763112467,0.137683039465493
"417",0.00482947745621134,-0.137005920683285,0.137063271090858
"418",0.00552478114289349,-0.139001362291594,0.136287410076121
"419",0.00652550058487727,-0.139184254418638,0.136762127252381
"420",0.00591159039613578,-0.139596590839436,0.136541124922665
"421",0.00649473528744072,-0.138625141968669,0.136947762444387
"422",0.00629113626266806,-0.139715872005416,0.136489216823607
"423",0.00514439337484492,-0.139985643146992,0.135933146902134
"424",0.00971918180226137,-0.144158639002535,0.135563063899746
"425",0.0112876673755101,-0.142964786596573,0.136499319511566
"426",0.0116213735185135,-0.142898754424447,0.136833118708976
"427",0.00256270494497202,-0.137088517622069,0.135447256661279
"428",0.00325932522480954,-0.136661894002507,0.13637294045545
"429",0.00318673170428863,-0.136359588856744,0.136743011265631
"430",0.00422559703318956,-0.136884868448243,0.13653149332072
"431",0.00487779898531092,-0.137853233095474,0.136552863787427
"432",0.00440113863932544,-0.139065851954176,0.13605374398993
"433",0.00419077566693058,-0.139542133525452,0.135628401284964
"434",0.0054622655413092,-0.138423747982003,0.136700535805181
"435",0.00450945200678233,-0.13949740541274,0.136366467501604
"436",0.0053773763425211,-0.139125414799063,0.136432634905008
"437",0.0109851483131967,-0.144156160466051,0.136249833957917
"438",0.0104961067181064,-0.143457416436643,0.13633481242263
"439",0.00325653487877453,-0.139194792491972,0.135819201144197
"440",0.00384699944698883,-0.137828460833067,0.136806185776436
"441",0.00311795588303744,-0.139419908703286,0.136282707282558
"442",0.00237247689863592,-0.138964324278092,0.135718868314159
"443",0.00271787341788162,-0.137540251705484,0.136448637793997
"444",0.00451567185105975,-0.138680252093865,0.136295299858781
"445",0.00514762293834812,-0.139644384813492,0.136257916683153
"446",0.00582088307910949,-0.140623517333861,0.136171506630819
"447",0.00525147717759883,-0.13902308758455,0.1367518195679
"448",0.00516739630376189,-0.139282528880532,0.137185395824169
"449",0.0110404717107091,-0.142943016380578,0.136763473405682
"450",0.00848411111612438,-0.142559165866024,0.135867914155002
"451",0.00842219192743069,-0.14247599216842,0.136283199498864
"452",0.00340258263904457,-0.137722355020565,0.136629091254054
"453",0.00414707880593413,-0.139148571184434,0.13614866860728
"454",0.0037658077783319,-0.138104617820811,0.136381652873885
"455",0.00292979001746129,-0.138807164881943,0.135886476441306
"456",0.00335082788180719,-0.138265245065582,0.136255694154235
"457",0.00460899810831837,-0.138643779270279,0.137080862072448
"458",0.0046917552086114,-0.138947761877873,0.136146127558628
"459",0.00466677749762944,-0.138547377315055,0.136766303603752
"460",0.00504897375744876,-0.139173355527044,0.13667216624335
"461",0.00480894553299951,-0.13969484939698,0.136342577125219
"462",0.00947046234379069,-0.143263462619711,0.136277987603984
"463",0.00779192935517098,-0.142587649501567,0.135909250496369
"464",0.00803302398899527,-0.141256153706399,0.136516342629902
"465",0.00518494036877241,-0.139172266597285,0.136780237340514
"466",0.00392323630418926,-0.139138454325208,0.135936776893188
"467",0.00430300641286029,-0.139840304533372,0.136251340246604
"468",0.00390296470083401,-0.13870773838376,0.136901571198888
"469",0.00369951039943712,-0.138308366545251,0.136906512964331
"470",0.00298876960566128,-0.137445205555108,0.13698796786869
"471",0.00480512684084992,-0.13961473316341,0.136184145159701
"472",0.00318735153280585,-0.139351635777536,0.135559866053071
"473",0.00502998633307172,-0.139183390776548,0.136626450419679
"474",0.0066123744023986,-0.140197666450784,0.136075056424247
"475",0.00849188043501454,-0.141952189111376,0.13553944295298
"476",0.00843442119942374,-0.140922120419309,0.136844804384879
"477",0.00946154958635067,-0.141914616085274,0.136345395947066
"478",0.00418560636625496,-0.139795705781113,0.135096689020597
"479",0.00702050583808211,-0.14101560717415,0.135973030150883
"480",0.00598746059487293,-0.141680239284567,0.135003901533802
"481",0.00719896478117477,-0.140994131848503,0.135567768781496
"482",0.0043434584363524,-0.141122510040618,0.135246349324645
"483",0.00266809231756028,-0.139646123539696,0.135096143260445
"484",0.00445499121272795,-0.138748167721357,0.134173364219933
"485",0.00587656863724377,-0.138344781971624,0.133624692280581
"486",0.0052753703050847,-0.136605883838014,0.133719884398613
"487",0.00294104875111908,-0.135866514371434,0.132556546810676
"488",0.00951157962296189,-0.138202205743911,0.134251056796488
"489",0.0106513210832884,-0.138938805986924,0.135584568017411
"490",0.00634715208933267,-0.135888520103168,0.13635607030729
"491",0.00599705146720197,-0.13583341687128,0.137115386089145
"492",0.0061794189479967,-0.135359692138225,0.137317529220505
"493",0.00561543810912281,-0.136525343588009,0.13667185093317
"494",0.00649151085988851,-0.136618407501029,0.137029743093571
"495",0.0049385957279028,-0.136375139052548,0.136867172450701
"496",0.00431981239333422,-0.135623054443333,0.137340181141408
"497",0.00431556070338497,-0.137251583370288,0.136069365056091
"498",0.00423349657666065,-0.13756104722824,0.135623564145238
"499",0.00329740321272056,-0.13905350637661,0.134541485604751
"500",0.0106515222644725,-0.141255246428785,0.135461577078648
"501",0.0108322310274724,-0.142349168123988,0.134576673233409
"502",0.00585923940666836,-0.138195028967137,0.135095296164024
"503",0.00476343144229008,-0.138533252339309,0.134695513208629
"504",0.0042112218511208,-0.139288757509629,0.133617003887928
"505",0.00504652559514322,-0.138697626448843,0.134674906477462
"506",0.00337791831198313,-0.138824785247684,0.133852433393957
"507",0.00287678087676235,-0.137234856031732,0.134839972805766
"508",0.0023171732265901,-0.137864733727896,0.134196506673817
"509",0.00155429384368774,-0.139037428699496,0.13382001464954
"510",0.000343898292830798,-0.13913083479408,0.132892652792135
"511",0.0059188311578641,-0.141450864933617,0.134300609088099
"512",0.00711449961907612,-0.142465674331953,0.134085487426587
"513",0.00829229322388113,-0.141955179071161,0.134763039386116
"514",0.00267915538787076,-0.138841170587794,0.13395353534183
"515",0.00234905325518731,-0.139790404736227,0.133555185566699
"516",0.00324223417380039,-0.138565628187974,0.134859802530658
"517",0.00432130319291883,-0.138840005444644,0.134372002635981
"518",0.00330824136022694,-0.139090588688043,0.134937920886542
"519",0.00393726480107632,-0.13886110592074,0.13434083412023
"520",0.00320042048497275,-0.13788619032054,0.135498917714288
"521",0.00344582002290896,-0.13806481539642,0.135601963253871
"522",0.00315357070604813,-0.13843883752781,0.135040417251051
"523",0.00792064681247367,-0.142235916260595,0.135489946350442
"524",0.00815975387632793,-0.142914566145604,0.135429841021477
"525",0.000961050234990418,-0.137001139274996,0.135870673275047
"526",0.00243518540495654,-0.137220888601723,0.136192305335323
"527",0.0028962536994858,-0.137231641709804,0.1357149301299
"528",0.00295781762921708,-0.138931541400775,0.13524204488672
"529",0.00383924904572841,-0.138883477134157,0.136429024542109
"530",0.00308337111913002,-0.139571583582804,0.135826363535747
"531",0.00354338450248668,-0.138901221423219,0.136126862766992
"532",0.00349442877457937,-0.138402495168156,0.136305315346357
"533",0.00313496778152092,-0.138178093644033,0.135875955874766
"534",0.00935555920150305,-0.14212411657982,0.136102775650096
"535",0.0101004613570139,-0.142621228152794,0.136703333281689
"536",0.00947861900318154,-0.142662260715802,0.135542751381834
"537",0.00348031809022296,-0.138468877357018,0.135928493047501
"538",0.00348136492867476,-0.137005570984219,0.136507407657642
"539",0.00366289623838251,-0.136867956250231,0.13677696322283
"540",0.004192609891184,-0.138769623217562,0.135835345306174
"541",0.004864761646809,-0.139259024400863,0.135789593789981
"542",0.00593808397456652,-0.138730680136675,0.136331569559074
"543",0.0045647300367697,-0.138779596553241,0.136431354448759
"544",0.00455670030971833,-0.138703721079866,0.136288439237671
"545",0.0057519437453163,-0.138115909592819,0.136921342987694
"546",0.00970130005193383,-0.142310379676941,0.136297257187986
"547",0.0100275542449673,-0.141698593850773,0.136131228918675
"548",0.0111622062839484,-0.142472115114273,0.136529754452408
"549",0.00546484360809825,-0.138169733660669,0.13644958969331
"550",0.0046809006549626,-0.137875590396164,0.13667859182705
"551",0.00470000852596305,-0.137231083089138,0.136376514454526
"552",0.0045027517656564,-0.137815366041878,0.136181895273299
"553",0.00540037224175384,-0.138001457679419,0.13621740018704
"554",0.00523829828839742,-0.139009856801803,0.136298708136624
"555",0.00550642789058234,-0.139009497062372,0.13626919597536
"556",0.00581880819618518,-0.138870420281191,0.136086169416128
"557",0.00670661860767324,-0.139508145744928,0.136825623936117
"558",0.00539619919333596,-0.137714891343525,0.136475930403847
"559",0.00999627334389308,-0.142955888614672,0.136064758354183
"560",0.00968908657048585,-0.140961216788367,0.136800026226065
"561",0.00569548401494569,-0.138816638173994,0.135996524075484
"562",0.00570556710257225,-0.138298591362711,0.136304919675317
"563",0.00799268043743957,-0.140394568058454,0.136393836741353
"564",0.00652959766132041,-0.140462506304468,0.13541534107823
"565",0.00550820967337325,-0.1382852865614,0.135710335638067
"566",0.00393876554487218,-0.136380151480919,0.136447829751528
"567",0.00436705999581596,-0.138073693795877,0.136234839379353
"568",0.00507954626064634,-0.138100312594581,0.136218572803463
"569",0.00608983907219788,-0.138767455990259,0.13611926610466
"570",0.00518122774292672,-0.13826015136358,0.136062145852639
"571",0.010795479381187,-0.140882824899692,0.136629026309309
"572",0.00982001711323432,-0.141615928327649,0.136093526719264
"573",0.0112126681135985,-0.142243673393286,0.136669662457486
"574",0.00538532657275783,-0.136793467161174,0.136526627883376
"575",0.00415831510689317,-0.136869029908974,0.136792465368034
"576",0.00479951851909889,-0.136178725442269,0.137065407345056
"577",0.00536241125169856,-0.137344054597673,0.136748730096485
"578",0.00558247705253796,-0.137067007060857,0.137471801499896
"579",0.00360001450260116,-0.136457289563689,0.136571572513067
"580",0.00458409436681563,-0.137278901991449,0.137295498663944
"581",0.0063542696714026,-0.138217137581245,0.138945246742875
"582",0.0064879680252249,-0.13872016445553,0.138681874469591
"583",0.0105246375283568,-0.143195984634938,0.138862392402399
"584",0.0101780399424832,-0.143487884585497,0.138325092186153
"585",0.0107101777076728,-0.143688764383407,0.138400850557021
"586",0.00562891304848943,-0.140768619042148,0.137492630851478
"587",0.00536538712526271,-0.142132854150077,0.136191770429461
"588",0.00635726959739192,-0.140769810365208,0.137098066871063
"589",0.00578109957558114,-0.140833736183826,0.136495010850592
"590",0.00562492630323918,-0.139662754890496,0.136558226753921
"591",0.00505888368586927,-0.139231979625682,0.136451146103553
"592",0.00359846797163136,-0.139490598719981,0.136373982309932
"593",0.00504652239206745,-0.138264259833803,0.137164134730321
"594",0.00556796825718593,-0.139071902753966,0.137367116427289
"595",0.0111285140998131,-0.142845939466412,0.137626271072005
"596",0.00964627928682222,-0.142360641166352,0.13766977909303
"597",0.0100820810939384,-0.142543410686651,0.137983554041588
"598",0.00480780311521235,-0.138976872723543,0.137840586489298
"599",0.00494742977093118,-0.139329245781965,0.137456112359191
"600",0.00614639039973063,-0.139054101695309,0.137841367838598
"601",0.00534529164007233,-0.139760332055028,0.137365567768363
"602",0.00670057832921206,-0.139530539396218,0.137893941137398
"603",0.00442715715574349,-0.138321164258775,0.137231160990188
"604",0.00580420333706943,-0.138078045887489,0.137513436343351
"605",0.00429817305111658,-0.138739363611309,0.136721181297357
"606",0.00583026993599535,-0.136545380463108,0.138566988530574
"607",0.00907101173834631,-0.140297747551974,0.136856393695567
"608",0.00965945332692425,-0.140542187535434,0.136782943794487
"609",0.009597243656036,-0.140787055218549,0.137478802057007
"610",0.00834687679606432,-0.139479157721533,0.137529009425217
"611",0.00583049198038166,-0.136816885930391,0.137875581311066
"612",0.00514491104826322,-0.136942992889603,0.13746172257492
"613",0.00628959575545113,-0.137594303832608,0.137912523639564
"614",0.00586180637996977,-0.138262807223445,0.136759492200961
"615",0.00547728246416508,-0.138650928365552,0.136647584081356
"616",0.00374639544554896,-0.137239255143504,0.13700000909526
"617",0.00368808944797177,-0.137501825935384,0.136695648646718
"618",0.00474786554851727,-0.137642046252914,0.136666240161822
"619",0.00984057195346734,-0.141894416866315,0.136406811389948
"620",0.0102656901248023,-0.141472092007668,0.136651219388267
"621",0.00933878088582386,-0.14082364293837,0.136974947847329
"622",0.00250131309371428,-0.137852861484992,0.136118326958912
"623",0.00430299076773519,-0.138465983051339,0.136692483061053
"624",0.00520433021275484,-0.138481815085833,0.136597274073083
"625",0.00572044991862641,-0.139172959899878,0.137062105680529
"626",0.00598068916340512,-0.138617619956406,0.136783442094265
"627",0.0043696002885489,-0.139451412174105,0.136098175102455
"628",0.00433741028008639,-0.138890934605247,0.136056811824166
"629",0.00439620898287418,-0.138955852587708,0.136303767020809
"630",0.00374419483571097,-0.1380132240358,0.136590967148234
"631",0.011162515997807,-0.142712747212806,0.136879216478377
"632",0.0107387623426976,-0.142683742710138,0.13648514458033
"633",0.00558996189091693,-0.137406647313598,0.136604733032498
"634",0.0041870118805383,-0.138062567499752,0.136317093574606
"635",0.00475492491937403,-0.137502521505578,0.136533498487281
"636",0.00525945205652439,-0.139425891480055,0.13608459363352
"637",0.00712381064923933,-0.139018172149563,0.137132511179856
"638",0.00645432698616754,-0.139506756935298,0.136406370169308
"639",0.00613216201621305,-0.138693534249574,0.136829052060645
"640",0.00602473266920892,-0.138803688721201,0.13617834229509
"641",0.00632155112082173,-0.13878150241562,0.136697341002115
"642",0.0119147732019194,-0.142351408474014,0.137203722384141
"643",0.0110760529187805,-0.143083576558568,0.136462363957859
"644",0.0129548677939308,-0.142600252010828,0.137072707256471
"645",0.00736344234318491,-0.138224555505839,0.137257197960268
"646",0.00588120031028689,-0.139199350394909,0.136300296146515
"647",0.00745944411137072,-0.138544920589966,0.137839636769995
"648",0.00642149891969575,-0.139551047630086,0.136736168634718
"649",0.00629225421206922,-0.139801142343255,0.136754933375408
"650",0.00623897577432546,-0.139189505893121,0.136355318165148
"651",0.00731522169722849,-0.138504298805971,0.137029803254546
"652",0.0063294331954802,-0.139235590837226,0.136695449942583
"653",0.00726442052994881,-0.139672660787029,0.135961522689402
"654",0.012340900186177,-0.1433842877487,0.136669870482761
"655",0.0121958158428629,-0.143137199693102,0.136624863924317
"656",0.00939919547498344,-0.142186850028024,0.135862064504194
"657",0.00624030330847277,-0.139244740228421,0.136906122772476
"658",0.00578642551887836,-0.138461254265547,0.136790028000614
"659",0.00729675279045206,-0.139221157779551,0.136571113524325
"660",0.00610309381414158,-0.139436520829929,0.136497594471871
"661",0.005257566353599,-0.139195867236227,0.136067006027164
"662",0.00444331430763709,-0.138305240854393,0.136564212639067
"663",0.00629167877507259,-0.139194785801584,0.136538949052079
"664",0.00547044610714703,-0.139877063150532,0.13641842238061
"665",0.0070681145000357,-0.139795195003467,0.136305087635137
"666",0.0120707807485517,-0.143340371379054,0.137133972751062
"667",0.0119340105092652,-0.142954525804773,0.137025219374492
"668",0.00970027495034033,-0.142512862514177,0.136222139511451
"669",0.0041056812235718,-0.137818146822575,0.13604689328155
"670",0.00557970650571744,-0.138425682722135,0.137212412195445
"671",0.00601466710692135,-0.139657626936079,0.136748542583267
"672",0.00575522976655394,-0.138890982897414,0.136852419012564
"673",0.00590216619524236,-0.138701428265617,0.136807404578398
"674",0.00554492333469827,-0.137656997577316,0.137218722120354
"675",0.0101764193212561,-0.141144694802519,0.137105922460277
"676",0.00989469859287196,-0.141923588573079,0.137100097309749
"677",0.0120050906436501,-0.143812787524928,0.137319257628818
"678",0.0114515690040519,-0.142797457464121,0.13688604957723
"679",0.0115554227870659,-0.142126572931791,0.13726205805895
"680",0.00487247818050282,-0.137120356428018,0.137288735106686
"681",0.00258768452797719,-0.137043697888475,0.135898827722387
"682",0.0118184729074884,-0.14060949818355,0.137419865390514
"683",0.012226512181629,-0.141122590220095,0.13803829028293
"684",0.0128240535137432,-0.142982707476916,0.137298835074923
"685",0.00687485097530277,-0.137823608699689,0.137439881287718
"686",0.00724005488322988,-0.13765558567049,0.137413767216899
"687",0.00582041699273828,-0.136271217483553,0.13681171271807
"688",0.0115682759757771,-0.140598332959839,0.136960218381146
"689",0.0112293260029845,-0.140614089326379,0.136304202812433
"690",0.0112772940575874,-0.142257141175226,0.135854989408552
"691",0.00368187792914957,-0.136840591945358,0.135549318258389
"692",0.0031144132492358,-0.135916853395635,0.135249159104802
"693",0.00361441438810564,-0.136708647263761,0.136488676625563
"694",0.011501141984773,-0.142713411272567,0.135839252587793
"695",0.011901041194298,-0.142320000159563,0.136026764356189
"696",0.0126582650773132,-0.142544568651325,0.136665505028981
"697",0.00412672696445764,-0.138093454669353,0.135553721134156
"698",0.00505077831427244,-0.13758965118964,0.136457439680711
"699",0.0039762402186753,-0.135982449877461,0.135921636864748
"700",0.011624585508154,-0.14173008419945,0.136453092941551
"701",0.0105161218294976,-0.142093142929178,0.13541989863688
"702",0.0105321949355417,-0.141590148691273,0.135569560281617
"703",0.00166905259642043,-0.135186074059853,0.135516836089431
"704",0.00171690625536951,-0.135283942187066,0.135515106979868
"705",0.00233257105086417,-0.134986820612246,0.136170086532635
"706",0.0116193676968657,-0.140182577654208,0.137137371165957
"707",0.0121795323974082,-0.140901054750784,0.136956649198344
"708",0.0116289680108422,-0.141826247242714,0.13606616006927
"709",0.0052397432394955,-0.136359833069265,0.136432523550853
"710",0.00526600643479978,-0.135985793614489,0.136473979242194
"711",0.00458219836247095,-0.136669502957994,0.136791236414363
"712",0.0110805063590203,-0.140812963173033,0.136807922468115
"713",0.0104584708335483,-0.141808741349578,0.1365591026417
"714",0.00321607208420689,-0.137916405585059,0.136372717359114
"715",0.00273683993008488,-0.135842062820776,0.137058551469825
"716",0.00279120104044417,-0.13573890003139,0.13684918323926
"717",0.00916740289778018,-0.140533545880354,0.136324890088373
"718",0.00962682530892862,-0.14165407984985,0.136034510116727
"719",0.00991124643279081,-0.142213187339784,0.136427342278532
"720",0.00345733907508419,-0.136948050304474,0.136241786638121
"721",0.00346483958018093,-0.138630447948405,0.135474430253576
"722",0.0039437262674586,-0.137869106040767,0.135711344881515
"723",0.00987773442282507,-0.141217469344041,0.136467445123772
"724",0.0101248023114166,-0.1413085685306,0.13653545346661
"725",0.0106833424971488,-0.141182723979852,0.136739699673814
"726",0.00135928994553007,-0.136618868863846,0.135909933595104
"727",0.000924853599986645,-0.13669298436088,0.135684748216257
"728",0.000960163724194987,-0.136475588601313,0.135793017902741
"729",0.00787074006954754,-0.141551802565789,0.13590793419796
"730",0.00718969937963253,-0.141113154196751,0.136101227236562
"731",0.00703958790924658,-0.141559511199707,0.135861033763156
"732",0.00214040744671881,-0.136898943699004,0.136418767314992
"733",0.00214874556209509,-0.138060593015573,0.135388387193604
"734",0.00207219570076741,-0.138412343146116,0.135252576225808
"735",0.00791174290502537,-0.142056310198107,0.135380003334572
"736",0.00739907119041227,-0.142107675594742,0.135205366843815
"737",0.000517195634606028,-0.137638472988966,0.135072662304058
"738",-0.000972257963562207,-0.13622667853612,0.135382507292764
"739",6.45879289929508e-05,-0.135261724615834,0.136040368687158
"740",-0.000114012210189677,-0.137059691800163,0.135612218725279
"741",0.00767929811391563,-0.14219603146565,0.135711139863644
"742",0.00756120876715477,-0.141818758610243,0.135901797900079
"743",0.000492008714444777,-0.13759470660171,0.135376235199411
"744",0.000333553787656368,-0.137842987283748,0.135251641375202
"745",0.00153907455311182,-0.137813308169949,0.135991874512541
"746",0.00809435256595757,-0.141572378637054,0.136184451562422
"747",0.00644326274083309,-0.142879453639603,0.135418525049046
"748",0.00709456911456541,-0.142673236983418,0.135521619101617
"749",0.00123246261287861,-0.138849479174124,0.135468868640133
"750",-0.0004077773930973,-0.136972509223862,0.135392378702364
"751",-0.000433441999075099,-0.136471918122801,0.135740100017891
"752",0.00419413746179434,-0.141205886648982,0.135841123243276
"753",0.00745145335171608,-0.142149476120396,0.135495514662563
"754",0.00535773745753211,-0.142291225651179,0.135380174524244
"755",0.000801431757339994,-0.138432688989588,0.135378010347988
"756",0.000320966304531659,-0.136924700366834,0.135876276638995
"757",0.000103475083291863,-0.138135754012308,0.135547730580959
"758",0.00501657527123913,-0.141775861140307,0.135737321397162
"759",0.00754976152023923,-0.141796589420806,0.136047923265972
"760",0.00729549903606004,-0.141566678393345,0.136668667921802
"761",0.000663351737561138,-0.137606198670121,0.135996805211683
"762",-0.000826948507028595,-0.136907134227217,0.135762989757675
"763",0.000222981334308924,-0.136466598292345,0.136105968895655
"764",0.00446237931062968,-0.140615275342978,0.136021426729841
"765",0.00482334621120637,-0.141394572451146,0.13521481813482
"766",0.00646214795174902,-0.142522243431508,0.136084783730891
"767",0.00201823423176226,-0.138587868604136,0.135699045306198
"768",0.00196460132497309,-0.1374514073184,0.136272138358759
"769",0.00305514961947307,-0.138896460122803,0.136433250497372
"770",0.00691129941438563,-0.141983753644214,0.136261806214159
"771",0.00621867408930097,-0.141254249811104,0.136806907377944
"772",-0.000851583261772404,-0.137585323154934,0.136846455325323
"773",-1.85892739623505e-05,-0.138198803552438,0.136726689306716
"774",-0.000105950498704746,-0.139506923006216,0.137590412977082
"775",0.00530644143708299,-0.141709869242626,0.138438241262141
"776",0.00675834658805614,-0.143189542263096,0.137736784300534
"777",0.00544454314685699,-0.142701877665648,0.137136666037953
"778",0.000483712296807184,-0.13938456314241,0.136837979722957
"779",0.00119506114440875,-0.138571059500304,0.136304074532579
"780",0.00119442665312678,-0.138809419883414,0.135941822365035
"781",0.00920213700641381,-0.144550223426544,0.136069653228391
"782",0.00820623818600959,-0.144988406629557,0.134856724981441
"783",0.00751365932789477,-0.143767827367606,0.135459141474763
"784",-8.83804043891757e-06,-0.137859927018005,0.135089167145696
"785",0.000701647950461389,-0.137718251706759,0.135261578876817
"786",0.00255933932077979,-0.137925199363974,0.135888769206625
"787",0.00704434198980809,-0.141384663969806,0.135871347232821
"788",0.00650330388884986,-0.140375762000049,0.136240334841036
"789",0.00687708632096782,-0.140916518473983,0.135861550251629
"790",0.00214787576191984,-0.137187061477334,0.136165896932171
"791",0.00121030810821796,-0.137459069511418,0.135155098489687
"792",0.00140060901931923,-0.138757883877913,0.13499221267765
"793",0.00851162539526893,-0.141267989792873,0.136706640070287
"794",0.00764881585081352,-0.142307140057807,0.135260721865831
"795",0.00661247300116077,-0.140608542292675,0.136354489421739
"796",-0.001438229038955,-0.135900105520709,0.135764435825492
"797",0.0010673859004385,-0.137058689983095,0.13559570143928
"798",0.00776189665832764,-0.142559173186786,0.135292881911682
"799",0.00629054540472028,-0.140159026520269,0.136127257143011
"800",0.0072022196902239,-0.139994936695512,0.13643532605773
"801",5.82442454189524e-05,-0.135490149694937,0.135747092080763
"802",0.00204104970392039,-0.135919787339558,0.136353764844949
"803",0.00212310393043602,-0.137041154837773,0.135594155550265
"804",0.00878679595383721,-0.141529026340849,0.135670158205763
"805",0.00782311758894417,-0.142713030789193,0.135278006789389
"806",0.0095211429511221,-0.142061967033229,0.135976263461505
"807",0.00360057788766582,-0.13671910540354,0.135739807488621
"808",0.00357167686391108,-0.135201566292352,0.137192890809953
"809",0.00168110180176504,-0.135907194625136,0.135845470280331
"810",0.0103117715309956,-0.142057380230258,0.136325338023522
"811",0.00832216525943591,-0.14132948308914,0.136010553993136
"812",0.00790192500778472,-0.14152447087365,0.135914068283212
"813",0.000814089672086088,-0.136790009831485,0.135655630606754
"814",0.0020923418270608,-0.136414373566842,0.136026817779851
"815",0.0033372728061041,-0.137052367289671,0.136017323950381
"816",0.0111870742896468,-0.142814515618574,0.13657939774455
"817",0.0115061627050218,-0.143066892949087,0.13615032679238
"818",0.0110038396224418,-0.143413227854818,0.136464548639379
"819",0.00389777922001652,-0.137606187958471,0.136503121919763
"820",0.00361943969851568,-0.137996124971634,0.136313838587993
"821",0.00307371782471421,-0.138656270656997,0.135362379219405
"822",0.00945912919682632,-0.141756751774305,0.13654050334449
"823",0.0084464507751995,-0.142317088144263,0.135648834847763
"824",0.00867210260717773,-0.14269258507648,0.136111895519857
"825",0.00331552913746319,-0.137729197835869,0.136291899581632
"826",0.0031531269507576,-0.137170879442285,0.137102370291157
"827",0.00855291760571146,-0.142828908954099,0.136202772329185
"828",0.0108086423277187,-0.142766257345762,0.137490913399538
"829",0.0111235457145741,-0.14380275876793,0.136493350444721
"830",0.00439072218712551,-0.138601501098313,0.136834112168301
"831",0.00287078218546033,-0.137686691318127,0.136923871919899
"832",0.0031098356034205,-0.136849199650522,0.137219163480037
"833",0.0092558410998798,-0.143311391492283,0.135878448378577
"834",0.00834718495166551,-0.141000140771276,0.137287512816501
"835",0.00803639292226933,-0.141909008663089,0.136345554789617
"836",0.00147662444313533,-0.13750577432354,0.136108153010314
"837",0.0030632782338104,-0.136976004309691,0.136906646794899
"838",0.00301260106107143,-0.136823510627894,0.13708716926513
"839",0.00929884608079384,-0.142435020585397,0.136662132733535
"840",0.00991540631124226,-0.142076757177875,0.137005413781871
"841",0.00967527311628762,-0.143296493407695,0.136492378362509
"842",0.00234330576203756,-0.138335224032668,0.136536230956795
"843",0.00261165538663323,-0.137774056282065,0.136337183489452
"844",0.00267075570363286,-0.137519543919902,0.136628748754479
"845",0.00972268246389535,-0.143429555910254,0.136430533500902
"846",0.00818772593761892,-0.141791109457435,0.136588956378615
"847",0.00199821512713882,-0.136992486679164,0.137063450461493
"848",0.000357610787015359,-0.135364232252106,0.136767235747197
"849",0.00264517777555933,-0.137692919414345,0.136510675896673
"850",0.00893527906579758,-0.140882414076881,0.137187354206848
"851",0.00993559764861373,-0.14221596643059,0.136724719256599
"852",0.00997844561403702,-0.142729539254093,0.136833370459951
"853",0.00370720026903154,-0.138899547538044,0.136383898736516
"854",0.00149227365358919,-0.137108649650386,0.136180807803137
"855",0.00200882978201658,-0.137886193834946,0.136356142007956
"856",0.0087583625914094,-0.142179434077958,0.136401029090003
"857",0.00916989286779142,-0.142677660897604,0.136918895636922
"858",0.00732252178553091,-0.142137485925738,0.136067909567949
"859",-1.47328038549435e-05,-0.138406667749465,0.136259623658913
"860",-0.00130474546363667,-0.135412602371237,0.136870833332715
"861",-0.000452174233889233,-0.135932817082261,0.137413350808077
"862",0.0086580136462474,-0.142078049293692,0.137747234954402
"863",0.0092821402679083,-0.142524757154288,0.137551144920498
"864",0.00892660862757692,-0.142738049870728,0.137661604166054
"865",0.00271998779149698,-0.138175927599552,0.137913696925783
"866",8.86903334405605e-05,-0.135880981934392,0.138072816530772
"867",-0.00165686285277184,-0.135388538494169,0.13782633970609
"868",0.00709822286012822,-0.141105899316717,0.138781068813303
"869",0.00806872119070895,-0.14175644075245,0.138423808481641
"870",0.00847147397968244,-0.142658028016996,0.139427898770347
"871",0.000510854064168616,-0.137744912351135,0.139575020078871
"872",0.000300603090279693,-0.138679332354563,0.13830015485739
"873",0.00305725288741901,-0.138111108299167,0.138987379265113
"874",0.0105019072008586,-0.144960515756302,0.137187606934551
"875",0.0103253620582782,-0.145529425676899,0.136517797467967
"876",0.0101249737100586,-0.143954932919054,0.136386031681328
"877",0.00432044746204787,-0.139114462238404,0.136866127890597
"878",0.00476035414215062,-0.139036544829249,0.137437235998041
"879",0.00360690486533416,-0.139070920253115,0.13713992681541
"880",0.0102694923097399,-0.143105509802553,0.137414817290178
"881",0.0107502734060993,-0.143132592108145,0.137996059156523
"882",0.00456515162957363,-0.139867454143071,0.137662702929888
"883",0.00319738202510119,-0.138521553595983,0.137336944368055
"884",0.00142590325495342,-0.137592759651478,0.138150025953029
"885",0.00208549278297385,-0.137745454945644,0.138180773913333
"886",0.011302556768593,-0.142870712253622,0.139345484395256
"887",0.011237488988094,-0.143654702628348,0.138527008721239
"888",0.00696504934089986,-0.138950833820083,0.139111250511773
"889",0.00601645640371114,-0.13871467236485,0.138828560182152
"890",0.00620804468201051,-0.138704679073427,0.138463024386186
"891",0.0116039957644797,-0.142946428347852,0.138401210189883
"892",0.0136020018029264,-0.142502567023663,0.138371727498738
"893",0.0135507306210034,-0.142728547704373,0.138178119980017
"894",0.00701674203738504,-0.137926443989814,0.138002924575714
"895",0.00487417956954023,-0.136784031687526,0.138128541335342
"896",0.0039134740304146,-0.13766404647159,0.137090779864379
"897",0.0114588568590912,-0.141668102066644,0.137928425438696
"898",0.0138457379378615,-0.143066941068424,0.138149677053873
"899",0.0140640914570201,-0.143336384944761,0.138101386416869
"900",0.00776292967336604,-0.137931209034704,0.138184565030332
"901",0.00801453248685763,-0.138211576605704,0.138543126694842
"902",0.00670958757716444,-0.138262320514692,0.137989298824084
"903",0.0143891328644967,-0.143018976544,0.138667979913087
"904",0.0124754116216177,-0.142866603395618,0.137661763679398
"905",0.011679900784415,-0.142195360101727,0.137671245945068
"906",0.00575840476896395,-0.138310254187443,0.137253588729737
"907",0.00394304827237806,-0.137536372748399,0.137323082380881
"908",0.00362212183173558,-0.137805422394171,0.136696966761535
"909",0.00881984089808793,-0.14309680328925,0.136145421310253
"910",0.0107115193280108,-0.143505033008373,0.137008728446674
"911",0.0108422143774411,-0.143608214319007,0.13679418598471
"912",0.0049670545741078,-0.140141444149105,0.136449588473709
"913",0.00600474522371799,-0.139844810911184,0.136902685503744
"914",0.00489870989763873,-0.139882433027767,0.137121561405445
"915",0.00993630505939225,-0.144264316115946,0.135916403544189
"916",0.0108432374570994,-0.143511661923348,0.136748239439179
"917",0.00404401695170986,-0.139080305277808,0.136422779349499
"918",0.00307441822793694,-0.138755629024131,0.136396439461607
"919",0.00299705324694594,-0.137657015770322,0.136742967869221
"920",0.00322706771289397,-0.13839512124549,0.137010634274325
"921",0.0102553285210453,-0.143471604574061,0.137115961848693
"922",0.00911130090595688,-0.143247221922071,0.136102125301788
"923",0.00186608273591814,-0.138833571645221,0.135465400104865
"924",0.00415423832269522,-0.139532410604249,0.135824316894816
"925",0.00394893158446544,-0.140558443477473,0.13621407024013
"926",0.0104589464221408,-0.14469290907838,0.136386585486651
"927",0.00914405829809991,-0.143907873784374,0.136078071733879
"928",0.00907076701005867,-0.144341348645999,0.136414204849723
"929",0.00302367638667172,-0.139276382618538,0.136288756313502
"930",6.51943057933865e-05,-0.138425700236559,0.135328264380698
"931",5.8782260497877e-05,-0.137763577471405,0.13616424061464
"932",0.00759827145635652,-0.143589388882334,0.136005159827529
"933",0.00804535825068071,-0.144594393053726,0.13575940330781
"934",0.00753745852571109,-0.144487413670961,0.135917813330766
"935",0.00138315417201248,-0.139613443622641,0.13577111997525
"936",0.0012037061901349,-0.13942922338216,0.135931168563818
"937",0.00132141224770008,-0.138843988310796,0.135567771360555
"938",0.00775150342715158,-0.143432307840046,0.135895329505434
"939",0.0077697580029028,-0.143409246633549,0.13605443718266
"940",0.00808841276922995,-0.142877935918237,0.136525471444802
"941",0.00281640713721874,-0.138491150178927,0.13646442338034
"942",0.000981558273314602,-0.137011908734925,0.137224734077625
"943",0.0010714397385252,-0.136948882463482,0.13687223326754
"944",0.0048826436525033,-0.141130709218421,0.1363948969042
"945",0.00735940543984606,-0.142978629312704,0.136496130547108
"946",0.00741902594280912,-0.141543519638932,0.136974871751987
"947",0.00206852058924935,-0.139401082914783,0.136637153480145
"948",0.0024917232469831,-0.13890771954626,0.136583213730079
"949",0.00280505224145613,-0.139328927652223,0.136566177897136
"950",0.00765068467342081,-0.142658005333823,0.136676812783634
"951",0.00860170489662093,-0.143552451952561,0.136552128728199
"952",0.00304227608489832,-0.137591670218507,0.137458180934784
"953",0.00367999802354411,-0.139366482192069,0.136553011939792
"954",0.00334038814718856,-0.138835972567891,0.136847237505632
"955",0.00234361032877275,-0.13768178357305,0.136868853928678
"956",0.00585604048021629,-0.140510959078274,0.136860612176384
"957",0.0072353117262066,-0.141196506783825,0.136997111250261
"958",0.00228753495871664,-0.137774754024871,0.136393560180452
"959",0.00325074090733357,-0.138614024873984,0.13657804146793
"960",0.00373966654407244,-0.13811428073617,0.136966785792936
"961",0.00374551340124255,-0.138889478373336,0.136387515675921
"962",0.00729953052403812,-0.141254159210471,0.135438505587028
"963",0.00710369440570335,-0.139861797482785,0.13640761116327
"964",0.00192486194018013,-0.136291426723657,0.135910429326532
"965",0.00303135879937381,-0.137540728774575,0.135362292513664
"966",0.00324872999327873,-0.136854947656382,0.134895608320941
"967",0.00830528932034823,-0.139775393762096,0.134762946226172
"968",0.00867980695254942,-0.139332835836595,0.135906893527974
"969",0.0085074713840908,-0.140067714383852,0.135878162492166
"970",0.00293571162751301,-0.13692701150434,0.136305931581067
"971",0.00187896430089037,-0.135265313100009,0.136346163896897
"972",0.00107585127722518,-0.135832215743748,0.136750976552622
"973",0.00697663494074575,-0.141149530070401,0.136289568105746
"974",0.00722972083127885,-0.140416877810567,0.136809870078293
"975",0.00695573634969666,-0.140542447404769,0.137098809757158
"976",0.000460621983044024,-0.135865923725387,0.136569800570519
"977",-0.00015319474586276,-0.136617996930415,0.136572848296228
"978",0.000547796494994663,-0.136561097197633,0.137247579173005
"979",0.00741508382937274,-0.139430306443178,0.137706243728912
"980",0.00696953906864083,-0.140229205005462,0.136550999866976
"981",0.00685826839791432,-0.140335704685352,0.136763133970379
"982",0.00170655577699684,-0.136574998917356,0.136537639838155
"983",0.00213866130988012,-0.135728604295847,0.136990738850159
"984",0.00283348164234435,-0.136026130657105,0.137081397783494
"985",0.0086156764813415,-0.141512320181955,0.136509681409781
"986",0.00883884158212803,-0.140894322707773,0.136278941685723
"987",0.00714119590412717,-0.140406457441336,0.136374365448589
"988",0.00080327353468349,-0.137311742702743,0.136143478045207
"989",-0.000260010129266295,-0.13754974705395,0.135368621959938
"990",-0.000707748370452302,-0.137694615107254,0.135709675078217
"991",0.00390701327811508,-0.140802245970572,0.136008116361199
"992",0.0044972919979314,-0.140652864261319,0.137041068450869
"993",0.00464578269616698,-0.140655616926233,0.136269836923983
"994",-0.00129381122229789,-0.138053272949403,0.136108372428475
"995",-6.33584870961806e-05,-0.137804217305456,0.136932757127559
"996",-0.000748971931170837,-0.13809209007789,0.136708090327859
"997",0.00609703531210272,-0.143350132896447,0.136460746658004
"998",0.00622196627068292,-0.142510818077952,0.136943625265019
"999",0.00679834660863341,-0.142975537333935,0.136674091877948
"1000",-0.0010265283018193,-0.138802100623054,0.135471275758733
